{"ref":"get_final_rate","timestamp":"1652953403","data":[{"currency": "AUD", "buy": 5.509, "sell": 5.471}, {"currency": "CAD", "buy": 6.16, "sell": 6.0945}, {"currency": "CHF", "buy": 8.02, "sell": 7.99}, {"currency": "CNY", "buy": 1.162, "sell": 1.154}, {"currency": "EUR", "buy": 8.275, "sell": 8.208}, {"currency": "GBP", "buy": 9.805, "sell": 9.676}, {"currency": "JPY", "buy": 0.06137, "sell": 0.061108}, {"currency": "KRW", "buy": 0.00638, "sell": 0.058663}, {"currency": "NZD", "buy": 5.006, "sell": 4.9514}, {"currency": "USD", "buy": 7.864, "sell": 7.827}]}