{"ref":"get_all_bank_exchange_rate","timestamp":"1652952967","data":[{"bank":"bea","update_timestamp":"1652952600","data":[{"currency":"AUD","buy":5.537,"sell":5.435},{"currency":"CAD","buy":6.162,"sell":6.076},{"currency":"CHF","buy":8.064,"sell":7.99},{"currency":"CNY","buy":1.166,"sell":1.154},{"currency":"EUR","buy":8.296,"sell":8.18},{"currency":"GBP","buy":9.82,"sell":9.627},{"currency":"JPY","buy":0.06198,"sell":0.061},{"currency":"NZD","buy":5.032,"sell":4.922},{"currency":"SGD","buy":5.691,"sell":5.615},{"currency":"THB","buy":0.239,"sell":0.219},{"currency":"USD","buy":7.891,"sell":7.822}]},{"bank":"bochk","update_timestamp":"1652952778","data":[{"currency":"AUD","buy":5.54,"sell":5.4},{"currency":"BND","buy":5.81,"sell":5.47},{"currency":"CAD","buy":6.17,"sell":6.02},{"currency":"CHF","buy":8.02,"sell":7.89},{"currency":"CNY","buy":1.173,"sell":1.144},{"currency":"DKK","buy":1.131,"sell":1.056},{"currency":"EUR","buy":8.3,"sell":8.15},{"currency":"GBP","buy":9.83,"sell":9.58},{"currency":"IDR","buy":0.0006,"sell":0.00045},{"currency":"INR","buy":0.111,"sell":0.091},{"currency":"JPY","buy":0.0623,"sell":0.0608},{"currency":"KRW","buy":0.00655,"sell":0.0058},{"currency":"MOP","buy":1.0,"sell":0.94},{"currency":"MYR","buy":1.88,"sell":1.66},{"currency":"NOK","buy":0.822,"sell":0.747},{"currency":"NZD","buy":5.01,"sell":4.89},{"currency":"PHP","buy":0.162,"sell":0.144},{"currency":"RUB","buy":0.164,"sell":0.094},{"currency":"SEK","buy":0.81,"sell":0.735},{"currency":"SGD","buy":5.71,"sell":5.57},{"currency":"THB","buy":0.238,"sell":0.217},{"currency":"TWD","buy":0.27,"sell":0.245},{"currency":"USD","buy":7.89,"sell":7.81},{"currency":"ZAR","buy":0.517,"sell":0.466}]},{"bank":"ch","update_timestamp":"1652952600","data":[{"currency":"AUD","buy":5.5154,"sell":5.4458},{"currency":"CAD","buy":6.1637,"sell":6.0636},{"currency":"CNY","buy":1.1674,"sell":1.1468},{"currency":"EUR","buy":8.3051,"sell":8.1601},{"currency":"GBP","buy":9.8109,"sell":9.6095},{"currency":"JPY","buy":0.06189,"sell":0.06092},{"currency":"NZD","buy":5.0218,"sell":4.9265},{"currency":"SGD","buy":5.7126,"sell":5.599},{"currency":"TWD","buy":0.2857,"sell":0.2414},{"currency":"USD","buy":7.8899,"sell":7.8057}]},{"bank":"hs","update_timestamp":"1652952360","data":[{"currency":"AUD","buy":"5.5400","sell":"5.3840"},{"currency":"CAD","buy":"6.2130","sell":"6.0470"},{"currency":"CHF","buy":"8.1330","sell":"7.9140"},{"currency":"CNY","buy":"1.1678","sell":"1.1403"},{"currency":"EUR","buy":"8.3350","sell":"8.1060"},{"currency":"GBP","buy":"9.9050","sell":"9.5090"},{"currency":"JPY","buy":0.06217,"sell":0.06054},{"currency":"NZD","buy":"5.0570","sell":"4.9110"},{"currency":"SGD","buy":"5.6890","sell":"5.5960"},{"currency":"THB","buy":"0.2375","sell":"0.2175"},{"currency":"TWD","buy":"0.2744","sell":"0.2554"},{"currency":"USD","buy":"7.8950","sell":"7.7710"},{"currency":"ZAR","buy":"0.5130","sell":"0.4170"}]},{"bank":"hsbc","update_timestamp":"1652951580","data":[{"currency":"AUD","buy":5.5515,"sell":5.4046},{"currency":"CAD","buy":6.1939,"sell":6.0241},{"currency":"CHF","buy":8.143,"sell":7.9279},{"currency":"CNY","buy":1.1713,"sell":1.1418},{"currency":"EUR","buy":8.347,"sell":8.123},{"currency":"GBP","buy":9.894,"sell":9.531},{"currency":"JPY","buy":0.06227,"sell":0.06047},{"currency":"NZD","buy":5.0475,"sell":4.8955},{"currency":"SGD","buy":5.7355,"sell":5.5705},{"currency":"THB","buy":0.2408,"sell":0.213},{"currency":"USD","buy":7.9109,"sell":7.7842}]},{"bank":"ocbc","update_timestamp":"1652952900","data":[{"currency":"USD","buy":"7.867","sell":"7.827"}]},{"bank":"public","update_timestamp":"1652952720","data":[{"currency":"AUD","buy":5.535,"sell":5.46},{"currency":"CAD","buy":6.1945,"sell":6.0945},{"currency":"CHF","buy":8.0969,"sell":7.9769},{"currency":"EUR","buy":8.2782,"sell":8.1982},{"currency":"GBP","buy":9.826,"sell":9.676},{"currency":"JPY","buy":0.061808,"sell":0.061108},{"currency":"KRW","buy":0.066463,"sell":0.058663},{"currency":"NZD","buy":5.0264,"sell":4.9514},{"currency":"CNY","buy":1.166601,"sell":1.150601},{"currency":"SGD","buy":5.7004,"sell":5.6304},{"currency":"THB","buy":0.236821,"sell":0.218821},{"currency":"TWD","buy":0.266559,"sell":0.249559},{"currency":"USD","buy":7.922,"sell":7.774}]},{"bank":"scb","update_timestamp":"1652935240","data":[{"currency":"AUD","buy":5.555,"sell":5.471},{"currency":"CAD","buy":6.173,"sell":6.081},{"currency":"CHF","buy":8.029,"sell":7.886},{"currency":"CNY","buy":1.169,"sell":1.149},{"currency":"EUR","buy":8.296,"sell":8.208},{"currency":"GBP","buy":9.83,"sell":9.62},{"currency":"IDR","buy":0.00059,"sell":0.00049},{"currency":"JPY","buy":0.06137,"sell":0.06052},{"currency":"KRW","buy":0.00646,"sell":0.00591},{"currency":"NZD","buy":5.076,"sell":4.947},{"currency":"PHP","buy":0.1603,"sell":0.1434},{"currency":"SGD","buy":5.72,"sell":5.6},{"currency":"THB","buy":0.2375,"sell":0.2186},{"currency":"TWD","buy":0.2621,"sell":0.2429},{"currency":"USD","buy":7.868,"sell":7.798}]},{"bank":"uob","update_timestamp":"1652902412","data":[{"currency":"AUD","buy":"5.5470","sell":"5.3838"},{"currency":"CAD","buy":"6.1846","sell":"6.0172"},{"currency":"CHF","buy":"8.0879","sell":"7.8787"},{"currency":"CNY","buy":"1.1810","sell":"1.1310"},{"currency":"EUR","buy":"8.3389","sell":"8.0863"},{"currency":"GBP","buy":"9.8269","sell":"9.5521"},{"currency":"JPY","buy":0.062061,"sell":0.060231},{"currency":"NZD","buy":"5.0289","sell":"4.8785"},{"currency":"SGD","buy":"5.7238","sell":"5.5722"},{"currency":"THB","buy":0.232927,"sell":0.219981},{"currency":"USD","buy":"7.8640","sell":"7.8210"}]},{"bank":"wl","update_timestamp":"1652952962","data":[{"currency":"AUD","buy":"5.5080000","sell":"5.4330000"},{"currency":"BND","buy":"5.6690000","sell":"5.6090000"},{"currency":"CAD","buy":"6.1580000","sell":"6.0830000"},{"currency":"CHF","buy":"8.0670000","sell":"7.9820000"},{"currency":"CNY","buy":"1.1620000","sell":"1.1490000"},{"currency":"DKK","buy":"1.1260000","sell":"1.0660000"},{"currency":"EUR","buy":"8.2650000","sell":"8.1900000"},{"currency":"GBP","buy":"9.7950000","sell":"9.6500000"},{"currency":"IDR","buy":"0.0006630","sell":"0.0003630"},{"currency":"INR","buy":"0.1310000","sell":"0.0810000"},{"currency":"JPY","buy":"0.0618500","sell":"0.0610000"},{"currency":"KRW","buy":"0.0063800","sell":"0.0057300"},{"currency":"MOP","buy":"0.9820000","sell":"0.9420000"},{"currency":"MRY","buy":"1.9320000","sell":"1.6320000"},{"currency":"NOK","buy":"0.8170000","sell":"0.7570000"},{"currency":"NZD","buy":"5.0040000","sell":"4.9240000"},{"currency":"PHP","buy":"0.1530000","sell":"0.1400000"},{"currency":"SEK","buy":"0.8030000","sell":"0.7430000"},{"currency":"SGD","buy":"5.6740000","sell":"5.6190000"},{"currency":"THB","buy":"0.2320000","sell":"0.2170000"},{"currency":"TWD","buy":"0.2670000","sell":"0.2440000"},{"currency":"USD","buy":"7.8720000","sell":"7.8220000"},{"currency":"ZAR","buy":"0.5400000","sell":"0.3900000"}]}]}